Id,logId,date,value
122,1,2016-03-13 02:39:00,1
122,1,2016-03-13 02:40:00,1
122,1,2016-03-13 02:41:00,1
122,1,2016-03-13 02:42:00,1
122,1,2016-03-13 02:43:00,1
122,1,2016-03-13 02:44:00,1
122,1,2016-03-13 02:45:00,2
122,1,2016-03-13 02:46:00,2
122,1,2016-03-13 02:47:00,1
122,1,2016-03-13 02:48:00,1
122,1,2016-03-13 02:49:00,2
122,1,2016-03-13 02:50:00,2
122,1,2016-03-13 02:51:00,1
122,1,2016-03-13 02:52:00,1
122,1,2016-03-13 02:53:00,1
122,1,2016-03-13 02:54:00,1
122,1,2016-03-13 02:55:00,1
122,1,2016-03-13 02:56:00,1
122,1,2016-03-13 02:57:00,1
122,1,2016-03-13 02:58:00,1
122,1,2016-03-13 02:59:00,1
122,1,2016-03-13 03:00:00,1
122,1,2016-03-13 03:01:00,1
122,1,2016-03-13 03:02:00,1
122,1,2016-03-13 03:03:00,1
122,1,2016-03-13 03:04:00,1
122,1,2016-03-13 03:05:00,1
122,1,2016-03-13 03:06:00,1
122,1,2016-03-13 03:07:00,1
122,1,2016-03-13 03:08:00,1
122,1,2016-03-13 03:09:00,1
122,1,2016-03-13 03:10:00,1
122,1,2016-03-13 03:11:00,1
122,1,2016-03-13 03:12:00,1
122,1,2016-03-13 03:13:00,1
122,1,2016-03-13 03:14:00,1
122,1,2016-03-13 03:15:00,1
122,1,2016-03-13 03:16:00,1
122,1,2016-03-13 03:17:00,1
122,1,2016-03-13 03:18:00,1
122,1,2016-03-13 03:19:00,1
122,1,2016-03-13 03:20:00,1
122,1,2016-03-13 03:21:00,1
122,1,2016-03-13 03:22:00,1
122,1,2016-03-13 03:23:00,1
122,1,2016-03-13 03:24:00,1
122,1,2016-03-13 03:25:00,1
122,1,2016-03-13 03:26:00,1
122,1,2016-03-13 03:27:00,1
122,1,2016-03-13 03:28:00,1
122,1,2016-03-13 03:29:00,1
122,1,2016-03-13 03:30:00,1
122,1,2016-03-13 03:31:00,1
122,1,2016-03-13 03:32:00,1
122,1,2016-03-13 03:33:00,1
122,1,2016-03-13 03:34:00,1
122,1,2016-03-13 03:35:00,1
122,1,2016-03-13 03:36:00,1
122,1,2016-03-13 03:37:00,1
122,1,2016-03-13 03:38:00,1
122,1,2016-03-13 03:39:00,1
122,1,2016-03-13 03:40:00,1
122,1,2016-03-13 03:41:00,1
122,1,2016-03-13 03:42:00,1
122,1,2016-03-13 03:43:00,1
122,1,2016-03-13 03:44:00,1
122,1,2016-03-13 03:45:00,1
122,1,2016-03-13 03:46:00,1
122,1,2016-03-13 03:47:00,1
122,1,2016-03-13 03:48:00,1
122,1,2016-03-13 03:49:00,1
122,1,2016-03-13 03:50:00,1
122,1,2016-03-13 03:51:00,1
122,1,2016-03-13 03:52:00,1
122,1,2016-03-13 03:53:00,1
122,1,2016-03-13 03:54:00,1
122,1,2016-03-13 03:55:00,1
122,1,2016-03-13 03:56:00,1
122,1,2016-03-13 03:57:00,1
122,1,2016-03-13 03:58:00,1
122,1,2016-03-13 03:59:00,1
122,1,2016-03-13 04:00:00,1
122,1,2016-03-13 04:01:00,1
122,1,2016-03-13 04:02:00,1
122,1,2016-03-13 04:03:00,1
122,1,2016-03-13 04:04:00,1
122,1,2016-03-13 04:05:00,1
122,1,2016-03-13 04:06:00,1
122,1,2016-03-13 04:07:00,1
122,1,2016-03-13 04:08:00,1
122,1,2016-03-13 04:09:00,1
122,1,2016-03-13 04:10:00,1
122,1,2016-03-13 04:11:00,1
122,1,2016-03-13 04:12:00,1
122,1,2016-03-13 04:13:00,1
122,1,2016-03-13 04:14:00,1
122,1,2016-03-13 04:15:00,1
122,1,2016-03-13 04:16:00,1
122,1,2016-03-13 04:17:00,1
122,1,2016-03-13 04:18:00,1
122,1,2016-03-13 04:19:00,1
122,1,2016-03-13 04:20:00,1
122,1,2016-03-13 04:21:00,1
122,1,2016-03-13 04:22:00,1
122,1,2016-03-13 04:23:00,1
122,1,2016-03-13 04:24:00,1
122,1,2016-03-13 04:25:00,1
122,1,2016-03-13 04:26:00,1
122,1,2016-03-13 04:27:00,1
122,1,2016-03-13 04:28:00,1
122,1,2016-03-13 04:29:00,1
122,1,2016-03-13 04:30:00,1
122,1,2016-03-13 04:31:00,1
122,1,2016-03-13 04:32:00,1
122,1,2016-03-13 04:33:00,1
122,1,2016-03-13 04:34:00,1
122,1,2016-03-13 04:35:00,1
122,1,2016-03-13 04:36:00,1
122,1,2016-03-13 04:37:00,1
122,1,2016-03-13 04:38:00,2
122,1,2016-03-13 04:39:00,2
122,1,2016-03-13 04:40:00,1
122,1,2016-03-13 04:41:00,1
122,1,2016-03-13 04:42:00,1
122,1,2016-03-13 04:43:00,1
122,1,2016-03-13 04:44:00,1
122,1,2016-03-13 04:45:00,1
122,1,2016-03-13 04:46:00,1
122,1,2016-03-13 04:47:00,1
122,1,2016-03-13 04:48:00,1
122,1,2016-03-13 04:49:00,1
122,1,2016-03-13 04:50:00,1
122,1,2016-03-13 04:51:00,1
122,1,2016-03-13 04:52:00,1
122,1,2016-03-13 04:53:00,1
122,1,2016-03-13 04:54:00,1
122,1,2016-03-13 04:55:00,1
122,1,2016-03-13 04:56:00,1
122,1,2016-03-13 04:57:00,1
122,1,2016-03-13 04:58:00,1
122,1,2016-03-13 04:59:00,1
122,1,2016-03-13 05:00:00,1
122,1,2016-03-13 05:01:00,1
122,1,2016-03-13 05:02:00,1
122,1,2016-03-13 05:03:00,1
122,1,2016-03-13 05:04:00,1
122,1,2016-03-13 05:05:00,1
122,1,2016-03-13 05:06:00,1
122,1,2016-03-13 05:07:00,1
122,1,2016-03-13 05:08:00,1
122,1,2016-03-13 05:09:00,1
122,1,2016-03-13 05:10:00,1
122,1,2016-03-13 05:11:00,1
122,1,2016-03-13 05:12:00,1
122,1,2016-03-13 05:13:00,1
122,1,2016-03-13 05:14:00,1
122,1,2016-03-13 05:15:00,1
122,1,2016-03-13 05:16:00,1
122,1,2016-03-13 05:17:00,1
122,1,2016-03-13 05:18:00,1
122,1,2016-03-13 05:19:00,1
122,1,2016-03-13 05:20:00,1
122,1,2016-03-13 05:21:00,1
122,1,2016-03-13 05:22:00,1
122,1,2016-03-13 05:23:00,1
122,1,2016-03-13 05:24:00,1
122,1,2016-03-13 05:25:00,1
122,1,2016-03-13 05:26:00,1
122,1,2016-03-13 05:27:00,1
122,1,2016-03-13 05:28:00,1
122,1,2016-03-13 05:29:00,1
122,1,2016-03-13 05:30:00,1
122,1,2016-03-13 05:31:00,1
122,1,2016-03-13 05:32:00,1
122,1,2016-03-13 05:33:00,1
122,1,2016-03-13 05:34:00,1
122,1,2016-03-13 05:35:00,1
122,1,2016-03-13 05:36:00,1
122,1,2016-03-13 05:37:00,1
122,1,2016-03-13 05:38:00,1
122,1,2016-03-13 05:39:00,1
122,1,2016-03-13 05:40:00,1
122,1,2016-03-13 05:41:00,1
122,1,2016-03-13 05:42:00,1
122,1,2016-03-13 05:43:00,1
122,1,2016-03-13 05:44:00,1
122,1,2016-03-13 05:45:00,1
122,1,2016-03-13 05:46:00,1
122,1,2016-03-13 05:47:00,1
122,1,2016-03-13 05:48:00,1
122,1,2016-03-13 05:49:00,1
122,1,2016-03-13 05:50:00,1
122,1,2016-03-13 05:51:00,1
122,1,2016-03-13 05:52:00,1
122,1,2016-03-13 05:53:00,1
122,1,2016-03-13 05:54:00,1
122,1,2016-03-13 05:55:00,1
122,1,2016-03-13 05:56:00,1
122,1,2016-03-13 05:57:00,1
122,1,2016-03-13 05:58:00,1
122,1,2016-03-13 05:59:00,1
122,1,2016-03-13 06:00:00,1
122,1,2016-03-13 06:01:00,1
122,1,2016-03-13 06:02:00,1
122,1,2016-03-13 06:03:00,1
122,1,2016-03-13 06:04:00,1
122,1,2016-03-13 06:05:00,1
122,2,2016-03-13 06:06:00,1
122,2,2016-03-13 06:07:00,1
122,2,2016-03-13 06:08:00,1
122,2,2016-03-13 06:09:00,1
122,2,2016-03-13 06:10:00,1
122,2,2016-03-13 06:11:00,1
122,2,2016-03-13 06:12:00,1
122,2,2016-03-13 06:13:00,1
122,2,2016-03-13 06:14:00,1
122,2,2016-03-13 06:15:00,1
122,2,2016-03-13 06:16:00,1
122,2,2016-03-13 06:17:00,1
122,2,2016-03-13 06:18:00,1
122,2,2016-03-13 06:19:00,1
122,2,2016-03-13 06:20:00,1
122,2,2016-03-13 06:21:00,1
122,2,2016-03-13 06:22:00,1
122,2,2016-03-13 06:23:00,1
122,2,2016-03-13 06:24:00,1
122,2,2016-03-13 06:25:00,1
122,2,2016-03-13 06:26:00,1
122,2,2016-03-13 06:27:00,1
122,2,2016-03-13 06:28:00,1
122,2,2016-03-13 06:29:00,1
122,2,2016-03-13 06:30:00,1
122,2,2016-03-13 06:31:00,1
122,2,2016-03-13 06:32:00,1
122,2,2016-03-13 06:33:00,1
122,2,2016-03-13 06:34:00,1
122,2,2016-03-13 06:35:00,1
144,1,2016-03-13 06:36:00,1
144,1,2016-03-13 06:37:00,1
144,1,2016-03-13 06:38:00,1
144,1,2016-03-13 06:39:00,1
144,1,2016-03-13 06:40:00,1
144,1,2016-03-13 06:41:00,1
144,1,2016-03-13 06:42:00,1
144,1,2016-03-13 06:43:00,1
144,1,2016-03-13 06:44:00,2
144,1,2016-03-13 06:45:00,1
144,1,2016-03-13 06:46:00,1
144,1,2016-03-13 06:47:00,1
144,1,2016-03-13 06:48:00,1
144,1,2016-03-13 06:49:00,1
144,1,2016-03-13 06:50:00,1
144,1,2016-03-13 06:51:00,1
144,1,2016-03-13 06:52:00,1
144,1,2016-03-13 06:53:00,1
144,1,2016-03-13 06:54:00,1
144,1,2016-03-13 06:55:00,1
144,1,2016-03-13 06:56:00,1
144,1,2016-03-13 06:57:00,1
144,1,2016-03-13 06:58:00,1
144,1,2016-03-13 06:59:00,1
144,1,2016-03-13 07:00:00,1
144,1,2016-03-13 07:01:00,1
144,1,2016-03-13 07:02:00,1
144,1,2016-03-13 07:03:00,1
144,1,2016-03-13 07:04:00,1
144,1,2016-03-13 07:05:00,1
144,1,2016-03-13 07:06:00,1
144,1,2016-03-13 07:07:00,1
144,1,2016-03-13 07:08:00,1
144,1,2016-03-13 07:09:00,1
144,1,2016-03-13 07:10:00,1
144,1,2016-03-13 07:11:00,1
144,1,2016-03-13 07:12:00,1
144,1,2016-03-13 07:13:00,1
144,1,2016-03-13 07:14:00,1
144,1,2016-03-13 07:15:00,1
144,1,2016-03-13 07:16:00,1
144,1,2016-03-13 07:17:00,1
144,1,2016-03-13 07:18:00,1
144,1,2016-03-13 07:19:00,1
144,1,2016-03-13 07:20:00,1
144,1,2016-03-13 07:21:00,1
144,1,2016-03-13 07:22:00,1
144,1,2016-03-13 07:23:00,1
144,1,2016-03-13 07:24:00,1
144,1,2016-03-13 07:25:00,1
144,1,2016-03-13 07:26:00,1
144,1,2016-03-13 07:27:00,1
144,1,2016-03-13 07:28:00,1
144,1,2016-03-13 07:29:00,1
144,1,2016-03-13 07:30:00,1
144,1,2016-03-13 07:31:00,1
144,1,2016-03-13 07:32:00,1
144,1,2016-03-13 07:33:00,1
144,1,2016-03-13 07:34:00,1
144,1,2016-03-13 07:35:00,1
144,1,2016-03-13 07:36:00,1
144,1,2016-03-13 07:37:00,1
144,1,2016-03-13 07:38:00,2
144,1,2016-03-13 07:39:00,2
144,1,2016-03-13 07:40:00,2
144,1,2016-03-13 07:41:00,1
144,1,2016-03-13 07:42:00,1
144,1,2016-03-13 07:43:00,1
144,1,2016-03-13 07:44:00,1
144,1,2016-03-13 07:45:00,1
144,1,2016-03-13 07:46:00,1
144,1,2016-03-13 07:47:00,1
144,1,2016-03-13 07:48:00,1
144,1,2016-03-13 07:49:00,1
144,1,2016-03-13 07:50:00,1
144,1,2016-03-13 07:51:00,1
144,1,2016-03-13 07:52:00,1
144,1,2016-03-13 07:53:00,1
144,1,2016-03-13 07:54:00,1
144,1,2016-03-13 07:55:00,1
144,1,2016-03-13 07:56:00,1
144,1,2016-03-13 07:57:00,1
144,1,2016-03-13 07:58:00,1
144,1,2016-03-13 07:59:00,1
144,1,2016-03-13 08:00:00,1
144,1,2016-03-13 08:01:00,1
144,1,2016-03-13 08:02:00,1
144,1,2016-03-13 08:03:00,1
144,1,2016-03-13 08:04:00,1
144,1,2016-03-13 08:05:00,1
144,1,2016-03-13 08:06:00,1
144,1,2016-03-13 08:07:00,1
144,1,2016-03-13 08:08:00,1
144,1,2016-03-13 08:09:00,1
144,1,2016-03-13 08:10:00,1
144,1,2016-03-13 08:11:00,1
144,1,2016-03-13 08:12:00,1
144,1,2016-03-13 08:13:00,1
144,1,2016-03-13 08:14:00,1
144,1,2016-03-13 08:15:00,1
144,1,2016-03-13 08:16:00,1
144,1,2016-03-13 08:17:00,1
144,1,2016-03-13 08:18:00,1
144,1,2016-03-13 08:19:00,1
144,1,2016-03-13 08:20:00,1
144,1,2016-03-13 08:21:00,1
144,1,2016-03-13 08:22:00,1
144,1,2016-03-13 08:23:00,1
144,1,2016-03-13 08:24:00,1
144,1,2016-03-13 08:25:00,1
144,1,2016-03-13 08:26:00,1
144,1,2016-03-13 08:27:00,1
144,1,2016-03-13 08:28:00,1
144,1,2016-03-13 08:29:00,1
144,1,2016-03-13 08:30:00,1
144,1,2016-03-13 08:31:00,1
144,1,2016-03-13 08:32:00,1
144,1,2016-03-13 08:33:00,1
144,1,2016-03-13 08:34:00,1
144,1,2016-03-13 08:35:00,2
144,1,2016-03-13 08:36:00,1
144,1,2016-03-13 08:37:00,1
144,1,2016-03-13 08:38:00,2
144,1,2016-03-13 08:39:00,1
144,1,2016-03-13 08:40:00,1
144,1,2016-03-13 08:41:00,1
144,1,2016-03-13 08:42:00,1
144,1,2016-03-13 08:43:00,1
144,1,2016-03-13 08:44:00,1
144,1,2016-03-13 08:45:00,1
144,1,2016-03-13 08:46:00,1
144,1,2016-03-13 08:47:00,1
144,1,2016-03-13 08:48:00,1
144,1,2016-03-13 08:49:00,1
144,1,2016-03-13 08:50:00,2
144,1,2016-03-13 08:51:00,1
144,1,2016-03-13 08:52:00,1
144,1,2016-03-13 08:53:00,1
144,1,2016-03-13 08:54:00,1
144,1,2016-03-13 08:55:00,1
144,1,2016-03-13 08:56:00,1
144,1,2016-03-13 08:57:00,1
144,1,2016-03-13 08:58:00,1
144,1,2016-03-13 08:59:00,1
144,1,2016-03-13 09:00:00,1
144,1,2016-03-13 09:01:00,1
144,1,2016-03-13 09:02:00,1
144,1,2016-03-13 09:03:00,1
144,1,2016-03-13 09:04:00,1
144,1,2016-03-13 09:05:00,1
144,1,2016-03-13 09:06:00,1
144,1,2016-03-13 09:07:00,1
144,1,2016-03-13 09:08:00,1
144,1,2016-03-13 09:09:00,1
144,1,2016-03-13 09:10:00,1
144,1,2016-03-13 09:11:00,1
144,1,2016-03-13 09:12:00,1
144,1,2016-03-13 09:13:00,1
144,1,2016-03-13 09:14:00,1
144,1,2016-03-13 09:15:00,1
144,1,2016-03-13 09:16:00,1
144,1,2016-03-13 09:17:00,1
144,1,2016-03-13 09:18:00,1
144,1,2016-03-13 09:19:00,1
144,1,2016-03-13 09:20:00,1
144,1,2016-03-13 09:21:00,1
144,1,2016-03-13 09:22:00,1
144,1,2016-03-13 09:23:00,1
144,1,2016-03-13 09:24:00,1
144,1,2016-03-13 09:25:00,1
144,1,2016-03-13 09:26:00,1
144,1,2016-03-13 09:27:00,1
144,1,2016-03-13 09:28:00,1
144,1,2016-03-13 09:29:00,1
144,1,2016-03-13 09:30:00,1
144,1,2016-03-13 09:31:00,1
144,1,2016-03-13 09:32:00,1
144,1,2016-03-13 09:33:00,1
144,1,2016-03-13 09:34:00,1
144,1,2016-03-13 09:35:00,1
144,1,2016-03-13 09:36:00,1
144,1,2016-03-13 09:37:00,1
144,1,2016-03-13 09:38:00,2
144,1,2016-03-13 09:39:00,1
144,1,2016-03-13 09:40:00,1
144,1,2016-03-13 09:41:00,1
144,1,2016-03-13 09:42:00,2
144,1,2016-03-13 09:43:00,1
144,1,2016-03-13 09:44:00,1
167,1,2016-03-14 01:32:00,2
167,1,2016-03-14 01:33:00,2
167,1,2016-03-14 01:34:00,1
167,1,2016-03-14 01:35:00,1
167,1,2016-03-14 01:36:00,1
167,1,2016-03-14 01:37:00,1
167,1,2016-03-14 01:38:00,1
167,1,2016-03-14 01:39:00,1
167,1,2016-03-14 01:40:00,1
167,1,2016-03-14 01:41:00,1
167,1,2016-03-14 01:42:00,1
167,1,2016-03-14 01:43:00,2
167,1,2016-03-14 01:44:00,1
167,1,2016-03-14 01:45:00,2
167,1,2016-03-14 01:46:00,2
167,1,2016-03-14 01:47:00,2
167,1,2016-03-14 01:48:00,1
167,1,2016-03-14 01:49:00,1
167,1,2016-03-14 01:50:00,1
167,1,2016-03-14 01:51:00,1
167,1,2016-03-14 01:52:00,1
167,1,2016-03-14 01:53:00,1
167,1,2016-03-14 01:54:00,1
167,1,2016-03-14 01:55:00,1
167,1,2016-03-14 01:56:00,1
167,1,2016-03-14 01:57:00,1
167,1,2016-03-14 01:58:00,1
167,1,2016-03-14 01:59:00,1
167,1,2016-03-14 02:00:00,1
167,1,2016-03-14 02:01:00,2
167,1,2016-03-14 02:02:00,2
167,1,2016-03-14 02:03:00,2
167,1,2016-03-14 02:04:00,2
167,1,2016-03-14 02:05:00,3
167,1,2016-03-14 02:06:00,3
167,1,2016-03-14 02:07:00,3
167,1,2016-03-14 02:08:00,2
167,1,2016-03-14 02:09:00,2
167,1,2016-03-14 02:10:00,1
167,1,2016-03-14 02:11:00,1
167,1,2016-03-14 02:12:00,1
167,1,2016-03-14 02:13:00,2
167,1,2016-03-14 02:14:00,2
167,1,2016-03-14 02:15:00,2
167,1,2016-03-14 02:16:00,2
167,1,2016-03-14 02:17:00,3
167,1,2016-03-14 02:18:00,2
167,1,2016-03-14 02:19:00,2
167,1,2016-03-14 02:20:00,1
167,1,2016-03-14 02:21:00,1
167,1,2016-03-14 02:22:00,1
167,1,2016-03-14 02:23:00,1
167,1,2016-03-14 02:24:00,1
167,1,2016-03-14 02:25:00,1
167,1,2016-03-14 02:26:00,1
167,1,2016-03-14 02:27:00,1
167,1,2016-03-14 02:28:00,1
167,1,2016-03-14 02:29:00,1
167,1,2016-03-14 02:30:00,1
167,1,2016-03-14 02:31:00,1
167,1,2016-03-14 02:32:00,1
167,1,2016-03-14 02:33:00,1
167,1,2016-03-14 02:34:00,1
167,1,2016-03-14 02:35:00,1
167,1,2016-03-14 02:36:00,1
167,1,2016-03-14 02:37:00,1
167,1,2016-03-14 02:38:00,1
167,1,2016-03-14 02:39:00,1
167,1,2016-03-14 02:40:00,1
167,1,2016-03-14 02:41:00,1
167,1,2016-03-14 02:42:00,1
167,1,2016-03-14 02:43:00,1
167,1,2016-03-14 02:44:00,1
167,1,2016-03-14 02:45:00,1
167,1,2016-03-14 02:46:00,1
167,1,2016-03-14 02:47:00,1
167,1,2016-03-14 02:48:00,1
167,1,2016-03-14 02:49:00,1
167,1,2016-03-14 02:50:00,1
167,1,2016-03-14 02:51:00,1
167,1,2016-03-14 02:52:00,1
167,1,2016-03-14 02:53:00,1
167,1,2016-03-14 02:54:00,1
167,1,2016-03-14 02:55:00,1
167,1,2016-03-14 02:56:00,1
167,1,2016-03-14 02:57:00,1
167,1,2016-03-14 02:58:00,1
167,1,2016-03-14 02:59:00,1
167,1,2016-03-14 03:00:00,1
167,1,2016-03-14 03:01:00,1
167,1,2016-03-14 03:02:00,1
167,1,2016-03-14 03:03:00,1
167,1,2016-03-14 03:04:00,1
167,1,2016-03-14 03:05:00,1
167,1,2016-03-14 03:06:00,1
167,1,2016-03-14 03:07:00,1
167,1,2016-03-14 03:08:00,1
167,1,2016-03-14 03:09:00,1
167,1,2016-03-14 03:10:00,1
167,1,2016-03-14 03:11:00,1
167,1,2016-03-14 03:12:00,1
167,1,2016-03-14 03:13:00,1
167,1,2016-03-14 03:14:00,1
167,1,2016-03-14 03:15:00,1
167,1,2016-03-14 03:16:00,1
167,1,2016-03-14 03:17:00,1
167,1,2016-03-14 03:18:00,1
167,1,2016-03-14 03:19:00,1
167,1,2016-03-14 03:20:00,1
167,1,2016-03-14 03:21:00,1
167,1,2016-03-14 03:22:00,1
167,1,2016-03-14 03:23:00,1
167,1,2016-03-14 03:24:00,1
167,1,2016-03-14 03:25:00,1
167,1,2016-03-14 03:26:00,1
167,1,2016-03-14 03:27:00,1
167,1,2016-03-14 03:28:00,1
167,1,2016-03-14 03:29:00,1
167,1,2016-03-14 03:30:00,1
167,1,2016-03-14 03:31:00,1
167,1,2016-03-14 03:32:00,1
167,1,2016-03-14 03:33:00,1
167,1,2016-03-14 03:34:00,1
167,1,2016-03-14 03:35:00,1
167,1,2016-03-14 03:36:00,1
167,1,2016-03-14 03:37:00,1
167,1,2016-03-14 03:38:00,1
167,1,2016-03-14 03:39:00,1
167,1,2016-03-14 03:40:00,1
167,1,2016-03-14 03:41:00,1
167,1,2016-03-14 03:42:00,1
167,1,2016-03-14 03:43:00,1
167,1,2016-03-14 03:44:00,1
167,1,2016-03-14 03:45:00,1
167,1,2016-03-14 03:46:00,1
167,1,2016-03-14 03:47:00,1
167,1,2016-03-14 03:48:00,1
167,1,2016-03-14 03:49:00,1
167,1,2016-03-14 03:50:00,1
167,1,2016-03-14 03:51:00,1
167,1,2016-03-14 03:52:00,1
167,1,2016-03-14 03:53:00,1
167,1,2016-03-14 03:54:00,1
167,1,2016-03-14 03:55:00,1
167,1,2016-03-14 03:56:00,1
167,1,2016-03-14 03:57:00,1
167,1,2016-03-14 03:58:00,1
167,1,2016-03-14 03:59:00,1
167,1,2016-03-14 04:00:00,1
167,1,2016-03-14 04:01:00,1
167,1,2016-03-14 04:02:00,1
167,1,2016-03-14 04:03:00,1
167,1,2016-03-14 04:04:00,1
167,1,2016-03-14 04:05:00,1
167,1,2016-03-14 04:06:00,1
167,1,2016-03-14 04:07:00,1
167,1,2016-03-14 04:08:00,1
167,1,2016-03-14 04:09:00,1
167,1,2016-03-14 04:10:00,1
167,1,2016-03-14 04:11:00,1
167,1,2016-03-14 04:12:00,1
167,1,2016-03-14 04:13:00,1
167,1,2016-03-14 04:14:00,1
167,1,2016-03-14 04:15:00,1
167,1,2016-03-14 04:16:00,1
167,1,2016-03-14 04:17:00,1
167,1,2016-03-14 04:18:00,1
167,1,2016-03-14 04:19:00,1
167,1,2016-03-14 04:20:00,1
167,1,2016-03-14 04:21:00,1
167,1,2016-03-14 04:22:00,1
167,1,2016-03-14 04:23:00,1
167,1,2016-03-14 04:24:00,1
167,1,2016-03-14 04:25:00,1
167,1,2016-03-14 04:26:00,1
167,1,2016-03-14 04:27:00,1
167,1,2016-03-14 04:28:00,1
167,1,2016-03-14 04:29:00,1
167,1,2016-03-14 04:30:00,1
167,1,2016-03-14 04:31:00,1
167,1,2016-03-14 04:32:00,1
167,1,2016-03-14 04:33:00,1
167,1,2016-03-14 04:34:00,1
167,1,2016-03-14 04:35:00,1
167,1,2016-03-14 04:36:00,1
167,1,2016-03-14 04:37:00,1
167,1,2016-03-14 04:38:00,1
167,1,2016-03-14 04:39:00,1
167,1,2016-03-14 04:40:00,1
167,1,2016-03-14 04:41:00,1
167,1,2016-03-14 04:42:00,1
167,1,2016-03-14 04:43:00,1
167,1,2016-03-14 04:44:00,1
167,1,2016-03-14 04:45:00,1
167,1,2016-03-14 04:46:00,1
167,1,2016-03-14 04:47:00,1
167,1,2016-03-14 04:48:00,1
167,1,2016-03-14 04:49:00,1
167,1,2016-03-14 04:50:00,1
167,1,2016-03-14 04:51:00,1
167,1,2016-03-14 04:52:00,1
167,1,2016-03-14 04:53:00,1
167,1,2016-03-14 04:54:00,1
167,1,2016-03-14 04:55:00,1
167,1,2016-03-14 04:56:00,1
167,1,2016-03-14 04:57:00,1
167,1,2016-03-14 04:58:00,1
167,1,2016-03-14 04:59:00,1
167,1,2016-03-14 05:00:00,1
167,1,2016-03-14 05:01:00,1
167,1,2016-03-14 05:02:00,1
167,1,2016-03-14 05:03:00,1
167,1,2016-03-14 05:04:00,1
167,1,2016-03-14 05:05:00,1
167,1,2016-03-14 05:06:00,1
167,1,2016-03-14 05:07:00,1
167,1,2016-03-14 05:08:00,1
167,1,2016-03-14 05:09:00,1
167,1,2016-03-14 05:10:00,1
167,1,2016-03-14 05:11:00,1
167,1,2016-03-14 05:12:00,1
167,1,2016-03-14 05:13:00,1
167,1,2016-03-14 05:14:00,1
167,1,2016-03-14 05:15:00,1
167,1,2016-03-14 05:16:00,1
167,1,2016-03-14 05:17:00,1
167,1,2016-03-14 05:18:00,1
167,1,2016-03-14 05:19:00,1
167,1,2016-03-14 05:20:00,1
167,1,2016-03-14 05:21:00,1
167,1,2016-03-14 05:22:00,1
167,1,2016-03-14 05:23:00,1
167,1,2016-03-14 05:24:00,1
167,1,2016-03-14 05:25:00,1
167,1,2016-03-14 05:26:00,1
167,1,2016-03-14 05:27:00,1
167,1,2016-03-14 05:28:00,2
167,1,2016-03-14 05:29:00,1
167,1,2016-03-14 05:30:00,1
167,1,2016-03-14 05:31:00,1
167,1,2016-03-14 05:32:00,1
167,1,2016-03-14 05:33:00,1
167,1,2016-03-14 05:34:00,2
167,1,2016-03-14 05:35:00,2
167,1,2016-03-14 05:36:00,2
167,1,2016-03-14 05:37:00,1
167,1,2016-03-14 05:38:00,1
167,1,2016-03-14 05:39:00,1
167,1,2016-03-14 05:40:00,1
167,1,2016-03-14 05:41:00,1
167,1,2016-03-14 05:42:00,1
167,1,2016-03-14 05:43:00,1
167,1,2016-03-14 05:44:00,1
167,1,2016-03-14 05:45:00,1
167,1,2016-03-14 05:46:00,1
167,1,2016-03-14 05:47:00,1
167,1,2016-03-14 05:48:00,1
167,1,2016-03-14 05:49:00,1
167,1,2016-03-14 05:50:00,1
167,1,2016-03-14 05:51:00,1
167,1,2016-03-14 05:52:00,1
167,1,2016-03-14 05:53:00,1
167,1,2016-03-14 05:54:00,1
167,1,2016-03-14 05:55:00,1
167,1,2016-03-14 05:56:00,1
167,1,2016-03-14 05:57:00,1
167,1,2016-03-14 05:58:00,1
167,1,2016-03-14 05:59:00,1
167,1,2016-03-14 06:00:00,1
167,1,2016-03-14 06:01:00,1
167,1,2016-03-14 06:02:00,1
167,1,2016-03-14 06:03:00,1
167,1,2016-03-14 06:04:00,1
167,1,2016-03-14 06:05:00,1
167,1,2016-03-14 06:06:00,1
167,1,2016-03-14 06:07:00,1
167,1,2016-03-14 06:08:00,1
167,1,2016-03-14 06:09:00,1
167,1,2016-03-14 06:10:00,1
167,1,2016-03-14 06:11:00,1
167,1,2016-03-14 06:12:00,1
167,1,2016-03-14 06:13:00,1
167,1,2016-03-14 06:14:00,1
167,1,2016-03-14 06:15:00,1
167,1,2016-03-14 06:16:00,1
167,1,2016-03-14 06:17:00,1
167,1,2016-03-14 06:18:00,1
167,1,2016-03-14 06:19:00,1
167,1,2016-03-14 06:20:00,1
167,1,2016-03-14 06:21:00,1
167,1,2016-03-14 06:22:00,1
167,1,2016-03-14 06:23:00,1
167,1,2016-03-14 06:24:00,1
167,1,2016-03-14 06:25:00,1
167,1,2016-03-14 06:26:00,1
167,1,2016-03-14 06:27:00,1
167,1,2016-03-14 06:28:00,1
167,1,2016-03-14 06:29:00,1
167,1,2016-03-14 06:30:00,1
167,1,2016-03-14 06:31:00,1
167,1,2016-03-14 06:32:00,1
167,1,2016-03-14 06:33:00,1
167,1,2016-03-14 06:34:00,1
167,1,2016-03-14 06:35:00,1
167,1,2016-03-14 06:36:00,1
167,1,2016-03-14 06:37:00,1
167,1,2016-03-14 06:38:00,1
167,1,2016-03-14 06:39:00,1
167,1,2016-03-14 06:40:00,1
167,1,2016-03-14 06:41:00,1
167,1,2016-03-14 06:42:00,1
167,1,2016-03-14 06:43:00,1
167,1,2016-03-14 06:44:00,1
167,1,2016-03-14 06:45:00,1
167,1,2016-03-14 06:46:00,1
167,1,2016-03-14 06:47:00,1
167,1,2016-03-14 06:48:00,1
167,1,2016-03-14 06:49:00,1
167,1,2016-03-14 06:50:00,1
167,1,2016-03-14 06:51:00,1
167,1,2016-03-14 06:52:00,1
167,1,2016-03-14 06:53:00,1
167,1,2016-03-14 06:54:00,1
167,1,2016-03-14 06:55:00,1
167,1,2016-03-14 06:56:00,1
167,1,2016-03-14 06:57:00,1
167,1,2016-03-14 06:58:00,1
167,1,2016-03-14 06:59:00,1
167,1,2016-03-14 07:00:00,2
167,1,2016-03-14 07:01:00,2
167,1,2016-03-14 07:02:00,2
167,1,2016-03-14 07:03:00,2
167,1,2016-03-14 07:04:00,3
167,1,2016-03-14 07:05:00,2
167,1,2016-03-14 07:06:00,1
167,1,2016-03-14 07:07:00,1
167,1,2016-03-14 07:08:00,1
167,1,2016-03-14 07:09:00,1
167,1,2016-03-14 07:10:00,1
167,1,2016-03-14 07:11:00,1
167,1,2016-03-14 07:12:00,1
167,1,2016-03-14 07:13:00,1
167,1,2016-03-14 07:14:00,1
167,1,2016-03-14 07:15:00,1
167,1,2016-03-14 07:16:00,1
167,1,2016-03-14 07:17:00,1
167,1,2016-03-14 07:18:00,1
167,1,2016-03-14 07:19:00,1
167,1,2016-03-14 07:20:00,1
167,1,2016-03-14 07:21:00,1
167,1,2016-03-14 07:22:00,1
167,1,2016-03-14 07:23:00,1
167,1,2016-03-14 07:24:00,1
167,1,2016-03-14 07:25:00,1
167,1,2016-03-14 07:26:00,1
167,1,2016-03-14 07:27:00,1
167,1,2016-03-14 07:28:00,1
167,1,2016-03-14 07:29:00,1
167,1,2016-03-14 07:30:00,1
167,1,2016-03-14 07:31:00,1
167,1,2016-03-14 07:32:00,1
167,1,2016-03-14 07:33:00,1
167,1,2016-03-14 07:34:00,1
167,1,2016-03-14 07:35:00,1
167,1,2016-03-14 07:36:00,1
167,1,2016-03-14 07:37:00,1
167,1,2016-03-14 07:38:00,1
167,1,2016-03-14 07:39:00,1
167,1,2016-03-14 07:40:00,1
167,1,2016-03-14 07:41:00,1
167,1,2016-03-14 07:42:00,1
167,1,2016-03-14 07:43:00,1
167,1,2016-03-14 07:44:00,1
167,1,2016-03-14 07:45:00,1
167,1,2016-03-14 07:46:00,1
167,1,2016-03-14 07:47:00,1
167,1,2016-03-14 07:48:00,1
167,1,2016-03-14 07:49:00,1
167,1,2016-03-14 07:50:00,1
167,1,2016-03-14 07:51:00,1
167,1,2016-03-14 07:52:00,1
167,1,2016-03-14 07:53:00,1
167,1,2016-03-14 07:54:00,1
167,1,2016-03-14 07:55:00,1
167,1,2016-03-14 07:56:00,1
167,1,2016-03-14 07:57:00,1
167,2,2016-03-15 02:36:00,2
167,2,2016-03-15 02:37:00,2
167,2,2016-03-15 02:38:00,2
167,2,2016-03-15 02:39:00,3
167,2,2016-03-15 02:40:00,3
167,2,2016-03-15 02:41:00,3
167,2,2016-03-15 02:42:00,3
167,2,2016-03-15 02:43:00,3
167,2,2016-03-15 02:44:00,2
167,2,2016-03-15 02:45:00,1
167,2,2016-03-15 02:46:00,1
167,2,2016-03-15 02:47:00,1
167,2,2016-03-15 02:48:00,1
167,2,2016-03-15 02:49:00,1
167,2,2016-03-15 02:50:00,1
167,2,2016-03-15 02:51:00,1
167,2,2016-03-15 02:52:00,1
167,2,2016-03-15 02:53:00,1
167,2,2016-03-15 02:54:00,1
167,2,2016-03-15 02:55:00,1
167,2,2016-03-15 02:56:00,1
167,2,2016-03-15 02:57:00,1
167,2,2016-03-15 02:58:00,1
167,2,2016-03-15 02:59:00,1
167,2,2016-03-15 03:00:00,1
167,2,2016-03-15 03:01:00,1
167,2,2016-03-15 03:02:00,1
167,3,2016-03-15 03:03:00,1
167,3,2016-03-15 03:04:00,1
167,3,2016-03-15 03:05:00,1
167,3,2016-03-15 03:06:00,1
167,3,2016-03-15 03:07:00,1
167,3,2016-03-15 03:08:00,1
167,3,2016-03-15 03:09:00,1
167,3,2016-03-15 03:10:00,1
167,3,2016-03-15 03:11:00,1
167,3,2016-03-15 03:12:00,1
167,3,2016-03-15 03:13:00,1
167,3,2016-03-15 03:14:00,1
167,3,2016-03-15 03:15:00,1
167,3,2016-03-15 03:16:00,1
167,3,2016-03-15 03:17:00,1
167,3,2016-03-15 03:18:00,1
167,3,2016-03-15 03:19:00,1
167,3,2016-03-15 03:20:00,1
167,3,2016-03-15 03:21:00,1
167,3,2016-03-15 03:22:00,1
167,3,2016-03-15 03:23:00,1
167,3,2016-03-15 03:24:00,1
167,3,2016-03-15 03:25:00,2
167,3,2016-03-15 03:26:00,1
167,3,2016-03-15 03:27:00,1
167,3,2016-03-15 03:28:00,1
167,3,2016-03-15 03:29:00,1
167,3,2016-03-15 03:30:00,1
167,3,2016-03-15 03:31:00,1
167,3,2016-03-15 03:32:00,1
167,3,2016-03-15 03:33:00,1
167,3,2016-03-15 03:34:00,1
167,3,2016-03-15 03:35:00,1
167,3,2016-03-15 03:36:00,1
167,3,2016-03-15 03:37:00,1
167,3,2016-03-15 03:38:00,1
167,3,2016-03-15 03:39:00,1
167,3,2016-03-15 03:40:00,1
167,3,2016-03-15 03:41:00,1
167,3,2016-03-15 03:42:00,1
167,3,2016-03-15 03:43:00,1
167,3,2016-03-15 03:44:00,1
167,3,2016-03-15 03:45:00,1
167,3,2016-03-15 03:46:00,1
167,3,2016-03-15 03:47:00,1
167,3,2016-03-15 03:48:00,1
167,3,2016-03-15 03:49:00,1
167,3,2016-03-15 03:50:00,1
167,3,2016-03-15 03:51:00,1
167,3,2016-03-15 03:52:00,1
167,3,2016-03-15 03:53:00,1
167,3,2016-03-15 03:54:00,1
167,3,2016-03-15 03:55:00,1
167,3,2016-03-15 03:56:00,1
167,3,2016-03-15 03:57:00,1
167,4,2016-03-15 03:58:00,1
167,4,2016-03-15 03:59:00,1
167,4,2016-03-15 04:00:00,1
167,4,2016-03-15 04:01:00,1
167,4,2016-03-15 04:02:00,1
167,4,2016-03-15 04:03:00,1
167,4,2016-03-15 04:04:00,1
167,4,2016-03-15 04:05:00,1
167,4,2016-03-15 04:06:00,1
167,4,2016-03-15 04:07:00,1
167,4,2016-03-15 04:08:00,1
167,4,2016-03-15 04:09:00,1
167,4,2016-03-15 04:10:00,1
167,4,2016-03-15 04:11:00,1
167,4,2016-03-15 04:12:00,1
167,4,2016-03-15 04:13:00,1
167,4,2016-03-15 04:14:00,1
167,4,2016-03-15 04:15:00,1
167,4,2016-03-15 04:16:00,1
167,4,2016-03-15 04:17:00,1
167,4,2016-03-15 04:18:00,1
167,4,2016-03-15 04:19:00,1
167,4,2016-03-15 04:20:00,1
167,4,2016-03-15 04:21:00,1
167,4,2016-03-15 04:22:00,1
167,4,2016-03-15 04:23:00,1
167,4,2016-03-15 04:24:00,1
167,4,2016-03-15 04:25:00,1
167,4,2016-03-15 04:26:00,1
167,4,2016-03-15 04:27:00,1
167,4,2016-03-15 04:28:00,1
167,4,2016-03-15 04:29:00,1
167,4,2016-03-15 04:30:00,1
167,4,2016-03-15 04:31:00,1
167,4,2016-03-15 04:32:00,1
167,4,2016-03-15 04:33:00,1
167,4,2016-03-15 04:34:00,1
167,4,2016-03-15 04:35:00,1
167,4,2016-03-15 04:36:00,1
167,4,2016-03-15 04:37:00,1
167,4,2016-03-15 04:38:00,1
167,4,2016-03-15 04:39:00,1
167,4,2016-03-15 04:40:00,1
167,4,2016-03-15 04:41:00,1
167,4,2016-03-15 04:42:00,1
167,4,2016-03-15 04:43:00,1
167,4,2016-03-15 04:44:00,1
167,4,2016-03-15 04:45:00,1
167,4,2016-03-15 04:46:00,1
167,4,2016-03-15 04:47:00,1
167,4,2016-03-15 04:48:00,1
167,4,2016-03-15 04:49:00,1
167,4,2016-03-15 04:50:00,1
167,4,2016-03-15 04:51:00,1
167,4,2016-03-15 04:52:00,1
167,4,2016-03-15 04:53:00,1
167,4,2016-03-15 04:54:00,1
167,4,2016-03-15 04:55:00,1
167,4,2016-03-15 04:56:00,1
167,4,2016-03-15 04:57:00,2
167,4,2016-03-15 04:58:00,2
167,4,2016-03-15 04:59:00,1
167,4,2016-03-15 05:00:00,1
167,4,2016-03-15 05:01:00,2
167,4,2016-03-15 05:02:00,2
167,4,2016-03-15 05:03:00,1
167,4,2016-03-15 05:04:00,1
167,4,2016-03-15 05:05:00,1
167,4,2016-03-15 05:06:00,1
167,4,2016-03-15 05:07:00,1
167,4,2016-03-15 05:08:00,1
167,4,2016-03-15 05:09:00,1
167,4,2016-03-15 05:10:00,1
167,4,2016-03-15 05:11:00,1
167,4,2016-03-15 05:12:00,1
167,4,2016-03-15 05:13:00,1
167,4,2016-03-15 05:14:00,1
167,4,2016-03-15 05:15:00,1
167,4,2016-03-15 05:16:00,1
167,4,2016-03-15 05:17:00,1
167,4,2016-03-15 05:18:00,1
167,4,2016-03-15 05:19:00,1
167,4,2016-03-15 05:20:00,1
167,4,2016-03-15 05:21:00,1
167,4,2016-03-15 05:22:00,1
167,4,2016-03-15 05:23:00,1
167,4,2016-03-15 05:24:00,1
167,4,2016-03-15 05:25:00,1
167,4,2016-03-15 05:26:00,1
167,4,2016-03-15 05:27:00,1
167,4,2016-03-15 05:28:00,1
167,4,2016-03-15 05:29:00,1
167,4,2016-03-15 05:30:00,1
167,4,2016-03-15 05:31:00,1
167,4,2016-03-15 05:32:00,1
167,4,2016-03-15 05:33:00,1
167,4,2016-03-15 05:34:00,1
167,4,2016-03-15 05:35:00,1
167,4,2016-03-15 05:36:00,1
167,4,2016-03-15 05:37:00,1
167,4,2016-03-15 05:38:00,1
167,4,2016-03-15 05:39:00,1
167,4,2016-03-15 05:40:00,1
167,4,2016-03-15 05:41:00,1
167,4,2016-03-15 05:42:00,1
167,4,2016-03-15 05:43:00,1
